{
  "file": "icecream_fm.uvl",
  "config": {
    "\"Ice Cream\"": true,
    "Category": true,
    "Popsicle": false,
    "Scoop": 2,
    "Flavors": true,
    "Lemon": false,
    "Chocolate": [
      {
        "Chocolate": true,
        "White": true,
        "Dark": false
      },
      {
        "Chocolate": true,
        "White": false,
        "Dark": true
      }
    ],
    "Container": true,
    "Stick": false,
    "Cup": false,
    "Cone": true,
    "Waffle": false,
    "Waffle.Price": 0.7,
    "\"Name of customer\"": "Josemi"
  }
}